t,actor,what,kind,link,pid,n,flight,d,p_loss,arrival,failed,attempt,seq,label
-72.0,Earth,enqueue,SYN,,259,,,,,,,1,,SYN Earth-Neptune
-71.99972222222222,Earth,launch,SYN,Earth->Relay A,259,1,0.3177818295769441,2.2925225170874963,0.04481520092988822,-71.68194039264527,False,,,SYN Earth-Neptune
-71.68194039264527,Relay A,arrive,SYN,Earth->Relay A,259,,,,,,,,,
-71.68166261486749,Relay A,launch,RCPT,Relay A->Earth,259,1,0.3177240058316215,2.2921053685081785,0.044807231817006854,-71.36393860903587,False,,,receipt SYN Earth-Neptune
-71.68138483708971,Relay A,launch,SYN,Relay A->Neptune,259,1,3.858330520648181,27.834535438125606,0.4268975077764272,-67.82305431644153,False,,,SYN Earth-Neptune
-71.36393860903587,Earth,receipt,,Relay A->Earth,259,,,,,,,,,
-67.82305431644153,Neptune,arrive,SYN,Relay A->Neptune,259,,,,,,,,,
-67.82305431644153,Neptune,enqueue,SYNACK,,260,,,,,,,1,,SYN-ACK Neptune-Earth
-67.82277653866375,Neptune,launch,RCPT,Neptune->Relay A,259,1,3.8586568426973074,27.83688957098182,0.42692449032935553,-63.96411969596644,False,,,receipt SYN Earth-Neptune
-67.82249876088596,Neptune,launch,SYNACK,Neptune->Relay A,260,1,3.8586568540691744,27.836889653020098,0.42692449126963805,-63.96384190681679,False,,,SYN-ACK Neptune-Earth
-63.96411969596644,Relay A,receipt,,Neptune->Relay A,259,,,,,,,,,
-63.96384190681679,Relay A,arrive,SYNACK,Neptune->Relay A,260,,,,,,,,,
-63.963564129039014,Relay A,launch,RCPT,Relay A->Neptune,260,1,3.858646266803845,27.8368132750067,0.4269236158615918,-60.10491786223517,False,,,receipt SYN-ACK Neptune-Earth
-63.96328635126124,Relay A,launch,SYNACK,Relay A->Earth,260,1,0.31717267192939147,2.2881279687085994,0.044731245124257746,-63.64611367933185,False,,,SYN-ACK Neptune-Earth
-63.64611367933185,Earth,arrive,SYNACK,Relay A->Earth,260,,,,,,,,,
-63.64611367933185,Earth,enqueue,ACK,,261,,,,,,,1,,ACK Earth-Neptune
-63.64583590155407,Earth,launch,RCPT,Earth->Relay A,260,1,0.31718495466756735,2.2882165780995694,0.04473293803840939,-63.328650946886505,False,,,receipt SYN-ACK Neptune-Earth
-63.6455581237763,Earth,launch,ACK,Earth->Relay A,261,1,0.31718493484306975,2.2882164350828567,0.04473293530602618,-63.32837318893323,False,,,ACK Earth-Neptune
-63.328650946886505,Relay A,receipt,,Earth->Relay A,260,,,,,,,,,
-63.32837318893323,Relay A,arrive,ACK,Earth->Relay A,261,,,,,,,,,
-63.32809541115545,Relay A,launch,RCPT,Relay A->Earth,261,1,0.3171273506092902,2.28780101437334,0.04472499851861933,-63.01096806054616,False,,,receipt ACK Earth-Neptune
-63.32781763337768,Relay A,launch,ACK,Relay A->Neptune,261,1,3.8586722926723667,27.837001029258403,0.4269257678081049,-59.46914534070531,False,,,ACK Earth-Neptune
-63.01096806054616,Earth,receipt,,Relay A->Earth,261,,,,,,,,,
-60.10491786223517,Neptune,receipt,,Relay A->Neptune,260,,,,,,,,,
-59.46914534070531,Neptune,arrive,ACK,Relay A->Neptune,261,,,,,,,,,
-59.468867562927535,Neptune,launch,RCPT,Neptune->Relay A,261,1,3.8589990597772825,27.839358372809272,0.4269527858281008,-55.60986850315025,False,,,receipt ACK Earth-Neptune
-55.60986850315025,Relay A,receipt,,Neptune->Relay A,261,,,,,,,,,
0.0002777777777777778,Earth,enqueue,DATA,,262,,,,,,,1,,LOCK EAR-1
0.0005555555555555556,Earth,launch,DATA,Earth->Relay A,262,1,0.3126835215818092,2.255742610906418,0.04411231029315843,0.3132390771373647,False,,,LOCK EAR-1
0.3132390771373647,Relay A,arrive,DATA,Earth->Relay A,262,,,,,,,,,
0.3135168549151425,Relay A,launch,RCPT,Relay A->Earth,262,1,0.31262780593716,2.2553406704600643,0.044104626063779184,0.6261446608523025,False,,,receipt LOCK EAR-1
0.31379463269292024,Relay A,launch,DATA,Relay A->Neptune,262,1,3.8612903900997115,27.8558883498837,0.4271422036619076,4.175085022792632,False,,,LOCK EAR-1
0.6261446608523025,Earth,receipt,,Relay A->Earth,262,,,,,,,,,
4.175085022792632,Neptune,arrive,DATA,Relay A->Neptune,262,,,,,,,,,
4.175085022792632,Neptune,deliver,,,,,,,,,,,0,LOCK EAR-1
4.175085022792632,Neptune,enqueue,DATA,,263,,,,,,,1,,COMMIT EAR-1
4.175085022792632,Neptune,enqueue,DACK,,264,,,,,,,1,,DACK LOCK EAR-1
4.17536280057041,Neptune,launch,RCPT,Neptune->Relay A,262,1,3.8616205317848564,27.858270038127863,0.42716949038560004,8.036983332355266,False,,,receipt LOCK EAR-1
4.175640578348188,Neptune,launch,DATA,Neptune->Relay A,263,1,3.861620543281286,27.858270121064724,0.4271694913357754,8.037261121629474,False,,,COMMIT EAR-1
4.175918356125965,Neptune,launch,DACK,Neptune->Relay A,264,1,3.8616205547777174,27.85827020400158,0.4271694922859507,8.037538910903683,False,,,DACK LOCK EAR-1
8.036983332355266,Relay A,receipt,,Neptune->Relay A,262,,,,,,,,,
8.037261121629474,Relay A,arrive,DATA,Neptune->Relay A,263,,,,,,,,,
8.03753889940725,Relay A,launch,RCPT,Relay A->Neptune,263,1,3.861609844002958,27.858192934973843,0.4271686070441387,11.899148743410208,False,,,receipt COMMIT EAR-1
8.037538910903683,Relay A,arrive,DACK,Neptune->Relay A,264,,,,,,,,,
8.037816677185027,Relay A,launch,DATA,Relay A->Earth,263,1,0.3120875088383901,2.2514428917025655,0.04403010578552291,8.349904186023418,False,,,COMMIT EAR-1
8.03781668868146,Relay A,launch,RCPT,Relay A->Neptune,264,1,3.8616098554989584,27.8581930179076,0.42716860799428,11.899426544180418,False,,,receipt DACK LOCK EAR-1
8.038094466459237,Relay A,launch,DACK,Relay A->Earth,264,1,0.3120874894313044,2.251442751697139,0.04403010310870348,8.350181955890541,False,,,DACK LOCK EAR-1
8.349904186023418,Earth,arrive,DATA,Relay A->Earth,263,,,,,,,,,
8.349904186023418,Earth,deliver,,,,,,,,,,,0,COMMIT EAR-1
8.349904186023418,Earth,enqueue,DACK,,265,,,,,,,1,,DACK COMMIT EAR-1
8.350181955890541,Earth,arrive,DACK,Relay A->Earth,264,,,,,,,,,
8.350181955890541,Earth,data acknowledged,,,,,,,,,,,0,LOCK EAR-1
8.350181963801194,Earth,launch,RCPT,Earth->Relay A,263,1,0.31209933183073524,2.2515281844227792,0.044031736529586474,8.66228129563193,False,,,receipt COMMIT EAR-1
8.350459741578971,Earth,launch,DACK,Earth->Relay A,265,1,0.3120993124212852,2.2515280444002945,0.04403173385244541,8.662559054000257,False,,,DACK COMMIT EAR-1
8.350737519356748,Earth,launch,RCPT,Earth->Relay A,264,1,0.3120992930118369,2.2515279043778214,0.04403173117530457,8.662836812368585,False,,,receipt DACK LOCK EAR-1
8.66228129563193,Relay A,receipt,,Earth->Relay A,263,,,,,,,,,
8.662559054000257,Relay A,arrive,DACK,Earth->Relay A,265,,,,,,,,,
8.662836812368585,Relay A,receipt,,Earth->Relay A,264,,,,,,,,,
8.662836831778034,Relay A,launch,RCPT,Relay A->Earth,265,1,0.3120438476179004,2.251127913557885,0.044024083574081274,8.974880679395934,False,,,receipt DACK COMMIT EAR-1
8.66311460955581,Relay A,launch,DACK,Relay A->Neptune,265,1,3.8616357339696243,27.858379708810567,0.42717074683848333,12.524750343525435,False,,,DACK COMMIT EAR-1
8.974880679395934,Earth,receipt,,Relay A->Earth,265,,,,,,,,,
11.899148743410208,Neptune,receipt,,Relay A->Neptune,263,,,,,,,,,
11.899426544180418,Neptune,receipt,,Relay A->Neptune,264,,,,,,,,,
12.524750343525435,Neptune,arrive,DACK,Relay A->Neptune,265,,,,,,,,,
12.524750343525435,Neptune,data acknowledged,,,,,,,,,,,0,COMMIT EAR-1
12.525028121303212,Neptune,launch,RCPT,Neptune->Relay A,265,1,3.861966316257366,27.86076457562345,0.4271980686163964,16.386994437560578,False,,,receipt DACK COMMIT EAR-1
16.386994437560578,Relay A,receipt,,Neptune->Relay A,265,,,,,,,,,
